issue,pair,prev_issue,prev_draw,draw,formula_main,formula_backup,hit,status,source,predicted_at,verified_at
2025086,39,2025085,338,388,3*s+2*sum2+2*mnmd+41,,1,hit,backfill,回填,回填
2025087,34,2025086,388,826,3*s+2*sum2+2*mnmd+41,,1,hit,backfill,回填,回填
2025088,24,2025087,826,022,3*s+2*sum2+2*mnmd+41,,1,hit,backfill,回填,回填
2025089,13,2025088,022,658,3*s+2*sum2+2*mnmd+41,,1,hit,backfill,回填,回填
2025090,18,2025089,658,159,3*s+2*sum2+2*mnmd+41,,1,hit,backfill,回填,回填
2025091,56,2025090,159,135,3*s+2*sum2+2*mnmd+41,,1,hit,backfill,回填,回填
2025092,27,2025091,135,317,3*s+2*sum2+2*mnmd+41,,1,hit,backfill,回填,回填
2025093,18,2025092,317,545,3*s+2*sum2+2*mnmd+41,,1,hit,backfill,回填,回填
2025094,89,2025093,545,649,3*s+2*sum2+2*mnmd+41,,1,hit,backfill,回填,回填
2025095,09,2025094,649,068,3*s+2*sum2+2*mnmd+41,,1,hit,backfill,回填,回填
2025096,59,2025095,068,385,3*s+2*sum2+2*mnmd+41,,1,hit,backfill,回填,回填
2025097,59,2025096,385,542,3*s+2*sum2+2*mnmd+41,,1,hit,backfill,回填,回填
2025098,59,2025097,542,714,3*s+2*sum2+2*mnmd+41,,1,hit,backfill,回填,回填
2025099,35,2025098,714,707,3*s+2*sum2+2*mnmd+41,,1,hit,backfill,回填,回填
2025100,34,2025099,707,953,3*s+2*sum2+2*mnmd+41,,1,hit,backfill,回填,回填
2025101,56,2025100,953,016,3*s+2*sum2+2*mnmd+41,,1,hit,backfill,回填,回填
2025102,04,2025101,016,161,3*s+2*sum2+2*mnmd+41,,1,hit,backfill,回填,回填
2025103,47,2025102,161,370,3*s+2*sum2+2*mnmd+41,,1,hit,backfill,回填,回填
2025104,29,2025103,370,877,3*s+2*sum2+2*mnmd+41,,1,hit,backfill,回填,回填
2025105,56,2025104,877,015,3*s+2*sum2+2*mnmd+41,,1,hit,backfill,回填,回填
2025106,04,2025105,015,752,3*s+2*sum2+2*mnmd+41,,1,hit,backfill,回填,回填
2025107,39,2025106,752,027,3*s+2*sum2+2*mnmd+41,,1,hit,backfill,回填,回填
2025108,13,2025107,027,407,3*s+2*sum2+2*mnmd+41,,1,hit,backfill,回填,回填
2025109,15,2025108,407,841,3*s+2*sum2+2*mnmd+41,,1,hit,backfill,回填,回填
2025110,28,2025109,841,914,3*s+2*sum2+2*mnmd+41,,1,hit,backfill,回填,回填
2025111,12,2025110,914,270,3*s+2*sum2+2*mnmd+41,,1,hit,backfill,回填,回填
2025112,67,2025111,270,954,3*s+2*sum2+2*mnmd+41,,1,hit,backfill,回填,回填
2025113,58,2025112,954,635,3*s+2*sum2+2*mnmd+41,,1,hit,backfill,回填,回填
2025114,67,2025113,635,375,3*s+2*sum2+2*mnmd+41,,1,hit,backfill,回填,回填
2025115,48,2025114,375,206,3*s+2*sum2+2*mnmd+41,,1,hit,backfill,回填,回填
2025116,05,2025115,206,320,3*s+2*sum2+2*mnmd+41,,1,hit,backfill,回填,回填
2025117,19,2025116,320,849,3*s+2*sum2+2*mnmd+41,,1,hit,backfill,回填,回填
2025118,19,2025117,849,621,3*s+2*sum2+2*mnmd+41,,1,hit,backfill,回填,回填
2025119,34,2025118,621,315,3*s+2*sum2+2*mnmd+41,,1,hit,backfill,回填,回填
2025120,18,2025119,315,912,3*s+2*sum2+2*mnmd+41,,1,hit,backfill,回填,回填
2025121,06,2025120,912,120,3*s+2*sum2+2*mnmd+41,,1,hit,backfill,回填,回填
2025122,13,2025121,120,488,3*s+2*sum2+2*mnmd+41,,1,hit,backfill,回填,回填
2025123,38,2025122,488,725,3*s+2*sum2+2*mnmd+41,,1,hit,backfill,回填,回填
2025124,49,2025123,725,809,3*s+2*sum2+2*mnmd+41,,1,hit,backfill,回填,回填
2025125,38,2025124,809,351,3*s+2*sum2+2*mnmd+41,,1,hit,backfill,回填,回填
2025126,56,2025125,351,320,3*s+2*sum2+2*mnmd+41,,1,hit,backfill,回填,回填
2025127,19,2025126,320,431,3*s+2*sum2+2*mnmd+41,,1,hit,backfill,回填,回填
2025128,37,2025127,431,814,3*s+2*sum2+2*mnmd+41,,1,hit,backfill,回填,回填
2025129,37,2025128,814,915,3*s+2*sum2+2*mnmd+41,,1,hit,backfill,回填,回填
2025130,14,2025129,915,204,3*s+2*sum2+2*mnmd+41,,1,hit,backfill,回填,回填
2025131,05,2025130,204,203,3*s+2*sum2+2*mnmd+41,,1,hit,backfill,回填,回填
2025132,05,2025131,203,689,3*s+2*sum2+2*mnmd+41,,1,hit,backfill,回填,回填
2025133,57,2025132,689,645,3*s+2*sum2+2*mnmd+41,,1,hit,backfill,回填,回填
2025134,36,2025133,645,748,3*s+2*sum2+2*mnmd+41,,1,hit,backfill,回填,回填
2025135,15,2025134,748,458,3*s+2*sum2+2*mnmd+41,,1,hit,backfill,回填,回填
2025136,03,2025135,458,113,3*s+2*sum2+2*mnmd+41,,1,hit,backfill,回填,回填
2025137,08,2025136,113,838,3*s+2*sum2+2*mnmd+41,,1,hit,backfill,回填,回填
2025138,12,2025137,838,296,3*s+2*sum2+2*mnmd+41,,1,hit,backfill,回填,回填
2025139,69,2025138,296,598,3*s+2*sum2+2*mnmd+41,,1,hit,backfill,回填,回填
2025140,58,2025139,598,149,3*s+2*sum2+2*mnmd+41,,1,hit,backfill,回填,回填
2025141,38,2025140,149,202,3*s+2*sum2+2*mnmd+41,,1,hit,backfill,回填,回填
2025142,05,2025141,202,916,3*s+2*sum2+2*mnmd+41,,1,hit,backfill,回填,回填
2025143,16,2025142,916,256,3*s+2*sum2+2*mnmd+41,,1,hit,backfill,回填,回填
2025144,67,2025143,256,666,3*s+2*sum2+2*mnmd+41,,1,hit,backfill,回填,回填
2025145,28,2025144,666,267,3*s+2*sum2+2*mnmd+41,,1,hit,backfill,回填,回填
2025146,02,2025145,267,897,3*s+2*sum2+2*mnmd+41,,1,hit,backfill,回填,回填
2025147,03,2025146,897,321,3*s+2*sum2+2*mnmd+41,,1,hit,backfill,回填,回填
2025148,24,2025147,321,838,3*s+2*sum2+2*mnmd+41,,1,hit,backfill,回填,回填
2025149,12,2025148,838,734,3*s+2*sum2+2*mnmd+41,,1,hit,backfill,回填,回填
2025150,25,2025149,734,321,3*s+2*sum2+2*mnmd+41,,1,hit,backfill,回填,回填
2025151,24,2025150,321,718,3*s+2*sum2+2*mnmd+41,,1,hit,backfill,回填,回填
2025152,46,2025151,718,210,3*s+2*sum2+2*mnmd+41,,1,hit,backfill,回填,回填
2025153,08,2025152,210,069,3*s+2*sum2+2*mnmd+41,,1,hit,backfill,回填,回填
2025154,59,2025153,069,923,3*s+2*sum2+2*mnmd+41,,1,hit,backfill,回填,回填
2025155,17,2025154,923,499,3*s+2*sum2+2*mnmd+41,,1,hit,backfill,回填,回填
2025156,56,2025155,499,775,3*s+2*sum2+2*mnmd+41,,1,hit,backfill,回填,回填
2025157,39,2025156,775,969,3*s+2*sum2+2*mnmd+41,,1,hit,backfill,回填,回填
2025158,49,2025157,969,701,3*s+2*sum2+2*mnmd+41,,1,hit,backfill,回填,回填
2025159,15,2025158,701,073,3*s+2*sum2+2*mnmd+41,,1,hit,backfill,回填,回填
2025160,58,2025159,073,503,3*s+2*sum2+2*mnmd+41,,1,hit,backfill,回填,回填
2025161,15,2025160,503,748,3*s+2*sum2+2*mnmd+41,,1,hit,backfill,回填,回填
2025162,15,2025161,748,275,3*s+2*sum2+2*mnmd+41,,1,hit,backfill,回填,回填
2025163,05,2025162,275,636,3*s+2*sum2+2*mnmd+41,,1,hit,backfill,回填,回填
2025164,69,2025163,636,337,3*s+2*sum2+2*mnmd+41,,1,hit,backfill,回填,回填
2025165,39,2025164,337,609,3*s+2*sum2+2*mnmd+41,,1,hit,backfill,回填,回填
2025166,26,2025165,609,808,3*s+2*sum2+2*mnmd+41,,1,hit,backfill,回填,回填
2025167,38,2025166,808,702,3*s+2*sum2+2*mnmd+41,,1,hit,backfill,回填,回填
2025168,17,2025167,702,514,3*s+2*sum2+2*mnmd+41,,1,hit,backfill,回填,回填
2025169,27,2025168,514,978,3*s+2*sum2+2*mnmd+41,,1,hit,backfill,回填,回填
2025170,67,2025169,978,475,3*s+2*sum2+2*mnmd+41,,1,hit,backfill,回填,回填
2025171,58,2025170,475,113,3*s+2*sum2+2*mnmd+41,,1,hit,backfill,回填,回填
2025172,08,2025171,113,406,3*s+2*sum2+2*mnmd+41,,1,hit,backfill,回填,回填
2025173,15,2025172,406,092,3*s+2*sum2+2*mnmd+41,,1,hit,backfill,回填,回填
2025174,01,2025173,092,533,3*s+2*sum2+2*mnmd+41,,1,hit,backfill,回填,回填
2025175,48,2025174,533,616,3*s+2*sum2+2*mnmd+41,,1,hit,backfill,回填,回填
2025176,37,2025175,616,122,3*s+2*sum2+2*mnmd+41,,1,hit,backfill,回填,回填
2025177,17,2025176,122,497,3*s+2*sum2+2*mnmd+41,,1,hit,backfill,回填,回填
2025178,46,2025177,497,728,3*s+2*sum2+2*mnmd+41,,1,hit,backfill,回填,回填
2025179,59,2025178,728,280,3*s+2*sum2+2*mnmd+41,,1,hit,backfill,回填,回填
2025180,34,2025179,280,260,3*s+2*sum2+2*mnmd+41,,1,hit,backfill,回填,回填
2025181,49,2025180,260,886,3*s+2*sum2+2*mnmd+41,,1,hit,backfill,回填,回填
2025182,68,2025181,886,708,3*s+2*sum2+2*mnmd+41,,1,hit,backfill,回填,回填
2025183,34,2025182,708,744,3*s+2*sum2+2*mnmd+41,,1,hit,backfill,回填,回填
2025184,36,2025183,744,799,3*s+2*sum2+2*mnmd+41,,1,hit,backfill,回填,回填
2025185,03,2025184,799,164,3*s+2*sum2+2*mnmd+41,,1,hit,backfill,回填,回填
2025186,59,2025185,164,227,3*s+2*sum2+2*mnmd+41,,1,hit,backfill,回填,回填
2025187,24,2025186,227,761,3*s+2*sum2+2*mnmd+41,,1,hit,backfill,回填,回填
2025188,49,2025187,761,018,3*s+2*sum2+2*mnmd+41,,1,hit,backfill,回填,回填
2025189,04,2025188,018,907,3*s+2*sum2+2*mnmd+41,,1,hit,backfill,回填,回填
2025190,38,2025189,907,402,3*s+2*sum2+2*mnmd+41,,1,hit,backfill,回填,回填
2025191,09,2025190,402,202,3*s+2*sum2+2*mnmd+41,,1,hit,backfill,回填,回填
2025192,05,2025191,202,691,3*s+2*sum2+2*mnmd+41,,1,hit,backfill,回填,回填
2025193,03,2025192,691,876,3*s+2*sum2+2*mnmd+41,,1,hit,backfill,回填,回填
2025194,48,2025193,876,726,3*s+2*sum2+2*mnmd+41,,1,hit,backfill,回填,回填
2025195,57,2025194,726,980,3*s+2*sum2+2*mnmd+41,,1,hit,backfill,回填,回填
2025196,06,2025195,980,734,3*s+2*sum2+2*mnmd+41,,1,hit,backfill,回填,回填
2025197,25,2025196,734,057,3*s+2*sum2+2*mnmd+41,,1,hit,backfill,回填,回填
2025198,46,2025197,057,898,3*s+2*sum2+2*mnmd+41,,1,hit,backfill,回填,回填
2025199,05,2025198,898,943,3*s+2*sum2+2*mnmd+41,,1,hit,backfill,回填,回填
2025200,38,2025199,943,015,3*s+2*sum2+2*mnmd+41,,1,hit,backfill,回填,回填
2025201,04,2025200,015,846,3*s+2*sum2+2*mnmd+41,,1,hit,backfill,回填,回填
2025202,15,2025201,846,953,3*s+2*sum2+2*mnmd+41,,1,hit,backfill,回填,回填
2025203,56,2025202,953,013,3*s+2*sum2+2*mnmd+41,,1,hit,backfill,回填,回填
2025204,04,2025203,013,007,3*s+2*sum2+2*mnmd+41,,1,hit,backfill,回填,回填
2025205,69,2025204,007,920,3*s+2*sum2+2*mnmd+41,,1,hit,backfill,回填,回填
2025206,09,2025205,920,444,3*s+2*sum2+2*mnmd+41,,1,hit,backfill,回填,回填
2025207,68,2025206,444,255,3*s+2*sum2+2*mnmd+41,,1,hit,backfill,回填,回填
2025208,67,2025207,255,432,3*s+2*sum2+2*mnmd+41,,1,hit,backfill,回填,回填
2025209,39,2025208,432,387,3*s+2*sum2+2*mnmd+41,,1,hit,backfill,回填,回填
2025210,28,2025209,387,520,3*s+2*sum2+2*mnmd+41,,1,hit,backfill,回填,回填
2025211,26,2025210,520,897,3*s+2*sum2+2*mnmd+41,,1,hit,backfill,回填,回填
2025212,03,2025211,897,456,3*s+2*sum2+2*mnmd+41,,1,hit,backfill,回填,回填
2025213,03,2025212,456,381,3*s+2*sum2+2*mnmd+41,,1,hit,backfill,回填,回填
2025214,45,2025213,381,920,3*s+2*sum2+2*mnmd+41,,1,hit,backfill,回填,回填
2025215,09,2025214,920,853,3*s+2*sum2+2*mnmd+41,,1,hit,backfill,回填,回填
2025216,48,2025215,853,625,3*s+2*sum2+2*mnmd+41,,1,hit,backfill,回填,回填
2025217,47,2025216,625,894,3*s+2*sum2+2*mnmd+41,,1,hit,backfill,回填,回填
2025218,69,2025217,894,526,3*s+2*sum2+2*mnmd+41,,1,hit,backfill,回填,回填
2025219,45,2025218,526,900,3*s+2*sum2+2*mnmd+41,,1,hit,backfill,回填,回填
2025220,17,2025219,900,536,3*s+2*sum2+2*mnmd+41,,1,hit,backfill,回填,回填
2025221,58,2025220,536,296,3*s+2*sum2+2*mnmd+41,,1,hit,backfill,回填,回填
2025222,69,2025221,296,010,3*s+2*sum2+2*mnmd+41,,1,hit,backfill,回填,回填
2025223,02,2025222,010,736,3*s+2*sum2+2*mnmd+41,,1,hit,backfill,回填,回填
2025224,29,2025223,736,990,3*s+2*sum2+2*mnmd+41,,1,hit,backfill,回填,回填
2025225,15,2025224,990,806,3*s+2*sum2+2*mnmd+41,,1,hit,backfill,回填,回填
2025226,34,2025225,806,180,3*s+2*sum2+2*mnmd+41,,1,hit,backfill,回填,回填
2025227,68,2025226,180,611,3*s+2*sum2+2*mnmd+41,,1,hit,backfill,回填,回填
2025228,23,2025227,611,465,3*s+2*sum2+2*mnmd+41,,1,hit,backfill,回填,回填
2025229,47,2025228,465,108,3*s+2*sum2+2*mnmd+41,,1,hit,backfill,回填,回填
2025230,01,2025229,108,439,3*s+2*sum2+2*mnmd+41,,1,hit,backfill,回填,回填
2025231,48,2025230,439,732,3*s+2*sum2+2*mnmd+41,,1,hit,backfill,回填,回填
2025232,18,2025231,732,044,3*s+2*sum2+2*mnmd+41,,1,hit,backfill,回填,回填
2025233,34,2025232,044,259,3*s+2*sum2+2*mnmd+41,,1,hit,backfill,回填,回填
2025234,67,2025233,259,620,3*s+2*sum2+2*mnmd+41,,1,hit,backfill,回填,回填
2025235,28,2025234,620,969,3*s+2*sum2+2*mnmd+41,,1,hit,backfill,回填,回填
2025236,49,2025235,969,355,3*s+2*sum2+2*mnmd+41,,1,hit,backfill,回填,回填
2025237,79,2025236,355,590,3*s+2*sum2+2*mnmd+41,,1,hit,backfill,回填,回填
2025238,69,2025237,590,860,3*s+2*sum2+2*mnmd+41,,1,hit,backfill,回填,回填
2025239,49,2025238,860,125,3*s+2*sum2+2*mnmd+41,,1,hit,backfill,回填,回填
2025240,17,2025239,125,419,3*s+2*sum2+2*mnmd+41,,1,hit,backfill,回填,回填
2025241,25,2025240,419,160,3*s+2*sum2+2*mnmd+41,,1,hit,backfill,回填,回填
2025242,45,2025241,160,990,3*s+2*sum2+2*mnmd+41,,1,hit,backfill,回填,回填
2025243,15,2025242,990,176,3*s+2*sum2+2*mnmd+41,,1,hit,backfill,回填,回填
2025244,03,2025243,176,673,3*s+2*sum2+2*mnmd+41,,1,hit,backfill,回填,回填
2025245,69,2025244,673,848,3*s+2*sum2+2*mnmd+41,,1,hit,backfill,回填,回填
2025246,19,2025245,848,997,3*s+2*sum2+2*mnmd+41,,1,hit,backfill,回填,回填
2025247,07,2025246,997,262,3*s+2*sum2+2*mnmd+41,,1,hit,backfill,回填,回填
2025248,59,2025247,262,526,3*s+2*sum2+2*mnmd+41,,1,hit,backfill,回填,回填
2025249,45,2025248,526,952,3*s+2*sum2+2*mnmd+41,,1,hit,backfill,回填,回填
2025250,48,2025249,952,902,3*s+2*sum2+2*mnmd+41,,1,hit,backfill,回填,回填
2025251,24,2025250,902,868,3*s+2*sum2+2*mnmd+41,,1,hit,backfill,回填,回填
2025252,45,2025251,868,792,3*s+2*sum2+2*mnmd+41,,1,hit,backfill,回填,回填
2025253,09,2025252,792,457,3*s+2*sum2+2*mnmd+41,,1,hit,backfill,回填,回填
2025254,03,2025253,457,072,3*s+2*sum2+2*mnmd+41,,1,hit,backfill,回填,回填
2025255,56,2025254,072,264,3*s+2*sum2+2*mnmd+41,,1,hit,backfill,回填,回填
2025256,78,2025255,264,406,3*s+2*sum2+2*mnmd+41,,1,hit,backfill,回填,回填
2025257,15,2025256,406,860,3*s+2*sum2+2*mnmd+41,,1,hit,backfill,回填,回填
2025258,49,2025257,860,626,3*s+2*sum2+2*mnmd+41,,1,hit,backfill,回填,回填
2025259,49,2025258,626,625,3*s+2*sum2+2*mnmd+41,,1,hit,backfill,回填,回填
2025260,47,2025259,625,199,3*s+2*sum2+2*mnmd+41,,1,hit,backfill,回填,回填
2025261,29,2025260,199,751,3*s+2*sum2+2*mnmd+41,,1,hit,backfill,回填,回填
2025262,37,2025261,751,914,3*s+2*sum2+2*mnmd+41,,1,hit,backfill,回填,回填
2025263,12,2025262,914,399,3*s+2*sum2+2*mnmd+41,,1,hit,backfill,回填,回填
2025264,46,2025263,399,734,3*s+2*sum2+2*mnmd+41,,1,hit,backfill,回填,回填
2025265,25,2025264,734,546,3*s+2*sum2+2*mnmd+41,,1,hit,backfill,回填,回填
2025266,89,2025265,546,723,3*s+2*sum2+2*mnmd+41,,1,hit,backfill,回填,回填
2025267,45,2025266,723,391,3*s+2*sum2+2*mnmd+41,,1,hit,backfill,回填,回填
2025268,56,2025267,391,674,3*s+2*sum2+2*mnmd+41,,1,hit,backfill,回填,回填
2025269,29,2025268,674,055,3*s+2*sum2+2*mnmd+41,,1,hit,backfill,回填,回填
2025270,46,2025269,055,408,3*s+2*sum2+2*mnmd+41,,1,hit,backfill,回填,回填
2025271,15,2025270,408,727,3*s+2*sum2+2*mnmd+41,,1,hit,backfill,回填,回填
2025272,59,2025271,727,967,3*s+2*sum2+2*mnmd+41,,1,hit,backfill,回填,回填
2025273,45,2025272,967,045,3*s+2*sum2+2*mnmd+41,,0,miss,backfill,回填,回填
2025274,34,2025273,045,596,3*s+2*sum2+2*mnmd+41,,1,hit,backfill,回填,回填
2025275,48,2025274,596,203,3*s+2*sum2+2*mnmd+41,,1,hit,backfill,回填,回填
2025276,05,2025275,203,714,3*s+2*sum2+2*mnmd+41,,1,hit,backfill,回填,回填
2025277,35,2025276,714,061,3*s+2*sum2+2*mnmd+41,,1,hit,backfill,回填,回填
2025278,38,2025277,061,629,3*s+2*sum2+2*mnmd+41,,1,hit,backfill,回填,回填
2025279,49,2025278,629,752,3*s+2*sum2+2*mnmd+41,,1,hit,backfill,回填,回填
2025280,39,2025279,752,411,3*s+2*sum2+2*mnmd+41,,1,hit,backfill,回填,回填
2025281,16,2025280,411,897,3*s+2*sum2+2*mnmd+41,,1,hit,backfill,回填,回填
2025282,03,2025281,897,416,3*s+2*sum2+2*mnmd+41,,1,hit,backfill,回填,回填
2025283,25,2025282,416,664,3*s+2*sum2+2*mnmd+41,,1,hit,backfill,回填,回填
2025284,24,2025283,664,844,3*s+2*sum2+2*mnmd+41,,1,hit,backfill,回填,回填
2025285,38,2025284,844,172,3*s+2*sum2+2*mnmd+41,,1,hit,backfill,回填,回填
2025286,67,2025285,172,827,3*s+2*sum2+2*mnmd+41,,1,hit,backfill,回填,回填
2025287,26,2025286,827,805,3*s+2*sum2+2*mnmd+41,,1,hit,backfill,回填,回填
2025288,28,2025287,805,767,3*s+2*sum2+2*mnmd+41,,1,hit,backfill,回填,回填
2025289,36,2025288,767,473,3*s+2*sum2+2*mnmd+41,,1,hit,backfill,回填,回填
2025290,48,2025289,473,332,3*s+2*sum2+2*mnmd+41,,1,hit,backfill,回填,回填
2025291,37,2025290,332,794,3*s+2*sum2+2*mnmd+41,,1,hit,backfill,回填,回填
2025292,58,2025291,794,117,3*s+2*sum2+2*mnmd+41,,1,hit,backfill,回填,回填
2025293,08,2025292,117,154,3*s+2*sum2+2*mnmd+41,,1,hit,backfill,回填,回填
2025294,48,2025293,154,513,3*s+2*sum2+2*mnmd+41,,1,hit,backfill,回填,回填
2025295,25,2025294,513,273,3*s+2*sum2+2*mnmd+41,,1,hit,backfill,回填,回填
2025296,01,2025295,273,537,3*s+2*sum2+2*mnmd+41,,1,hit,backfill,回填,回填
2025297,58,2025296,537,051,3*s+2*sum2+2*mnmd+41,,1,hit,backfill,回填,回填
2025298,29,2025297,051,544,3*s+2*sum2+2*mnmd+41,,1,hit,backfill,回填,回填
2025299,78,2025298,544,385,3*s+2*sum2+2*mnmd+41,,1,hit,backfill,回填,回填
2025300,59,2025299,385,867,3*s+2*sum2+2*mnmd+41,,1,hit,backfill,回填,回填
2025301,38,2025300,867,755,3*s+2*sum2+2*mnmd+41,,1,hit,backfill,回填,回填
2025302,18,2025301,755,715,3*s+2*sum2+2*mnmd+41,,1,hit,backfill,回填,回填
2025303,37,2025302,715,933,3*s+2*sum2+2*mnmd+41,,1,hit,backfill,回填,回填
2025304,27,2025303,933,471,3*s+2*sum2+2*mnmd+41,,1,hit,backfill,回填,回填
2025305,39,2025304,471,310,3*s+2*sum2+2*mnmd+41,,1,hit,backfill,回填,回填
2025306,12,2025305,310,697,3*s+2*sum2+2*mnmd+41,,1,hit,backfill,回填,回填
2025307,67,2025306,697,164,3*s+2*sum2+2*mnmd+41,,1,hit,backfill,回填,回填
2025308,59,2025307,164,448,3*s+2*sum2+2*mnmd+41,,1,hit,backfill,回填,回填
2025309,68,2025308,448,190,3*s+2*sum2+2*mnmd+41,,1,hit,backfill,回填,回填
2025310,35,2025309,190,169,3*s+2*sum2+2*mnmd+41,,1,hit,backfill,回填,回填
2025311,78,2025310,169,640,3*s+2*sum2+2*mnmd+41,,1,hit,backfill,回填,回填
2025312,19,2025311,640,689,3*s+2*sum2+2*mnmd+41,,1,hit,backfill,回填,回填
2025313,57,2025312,689,664,3*s+2*sum2+2*mnmd+41,,1,hit,backfill,回填,回填
2025314,24,2025313,664,917,3*s+2*sum2+2*mnmd+41,,1,hit,backfill,回填,回填
2025315,18,2025314,917,729,3*s+2*sum2+2*mnmd+41,,1,hit,backfill,回填,回填
2025316,59,2025315,729,775,3*s+2*sum2+2*mnmd+41,,1,hit,backfill,回填,回填
2025317,39,2025316,775,301,3*s+2*sum2+2*mnmd+41,,1,hit,backfill,回填,回填
2025318,05,2025317,301,430,3*s+2*sum2+2*mnmd+41,,1,hit,backfill,回填,回填
2025319,35,2025318,430,294,3*s+2*sum2+2*mnmd+41,,1,hit,backfill,回填,回填
2025320,58,2025319,294,121,3*s+2*sum2+2*mnmd+41,,1,hit,backfill,回填,回填
2025321,15,2025320,121,847,3*s+2*sum2+2*mnmd+41,,1,hit,backfill,回填,回填
2025322,17,2025321,847,226,3*s+2*sum2+2*mnmd+41,,1,hit,backfill,回填,回填
2025323,24,2025322,226,551,3*s+2*sum2+2*mnmd+41,,1,hit,backfill,回填,回填
2025324,29,2025323,551,661,3*s+2*sum2+2*mnmd+41,,1,hit,backfill,回填,回填
2025325,47,2025324,661,165,3*s+2*sum2+2*mnmd+41,,1,hit,backfill,回填,回填
2025326,68,2025325,165,185,3*s+2*sum2+2*mnmd+41,,1,hit,backfill,回填,回填
2025327,06,2025326,185,789,3*s+2*sum2+2*mnmd+41,,1,hit,backfill,回填,回填
2025328,68,2025327,789,040,3*s+2*sum2+2*mnmd+41,,1,hit,backfill,回填,回填
2025329,19,2025328,040,564,3*s+2*sum2+2*mnmd+41,,1,hit,backfill,回填,回填
2025330,49,2025329,564,062,3*s+2*sum2+2*mnmd+41,,1,hit,backfill,回填,回填
2025331,45,2025330,062,050,3*s+2*sum2+2*mnmd+41,,1,hit,backfill,回填,回填
2025332,27,2025331,050,885,3*s+2*sum2+2*mnmd+41,,1,hit,backfill,回填,回填
2025333,59,2025332,885,273,3*s+2*sum2+2*mnmd+41,,1,hit,backfill,回填,回填
2025334,01,2025333,273,198,3*s+2*sum2+2*mnmd+41,,1,hit,backfill,回填,回填
2025335,69,2025334,198,051,3*s+2*sum2+2*mnmd+41,,1,hit,backfill,回填,回填
2025336,29,2025335,051,641,3*s+2*sum2+2*mnmd+41,,1,hit,backfill,回填,回填
2025337,24,2025336,641,876,3*s+2*sum2+2*mnmd+41,,1,hit,backfill,回填,回填
2025338,48,2025337,876,689,3*s+2*sum2+2*mnmd+41,,1,hit,backfill,回填,回填
2025339,57,2025338,689,676,3*s+2*sum2+2*mnmd+41,,1,hit,backfill,回填,回填
2025340,37,2025339,676,130,3*s+2*sum2+2*mnmd+41,,1,hit,backfill,回填,回填
2025341,18,2025340,130,996,3*s+2*sum2+2*mnmd+41,,1,hit,backfill,回填,回填
2025342,05,2025341,996,681,3*s+2*sum2+2*mnmd+41,,1,hit,backfill,回填,回填
2025343,78,2025342,681,645,3*s+2*sum2+2*mnmd+41,,1,hit,backfill,回填,回填
2025344,36,2025343,645,622,3*s+2*sum2+2*mnmd+41,,1,hit,backfill,回填,回填
2025345,36,2025344,622,630,3*s+2*sum2+2*mnmd+41,,0,miss,backfill,回填,回填
2025346,39,2025345,630,897,3*s+2*sum2+2*mnmd+41,,1,hit,backfill,回填,回填
2025347,03,2025346,897,192,3*s+2*sum2+2*mnmd+41,,1,hit,backfill,回填,回填
2025348,39,2025347,192,278,3*s+2*sum2+2*mnmd+41,,1,hit,backfill,回填,回填
2025349,09,2025348,278,743,3*s+2*sum2+2*mnmd+41,,1,hit,backfill,回填,回填
2025350,34,2025349,743,580,3*s+2*sum2+2*mnmd+41,,1,hit,backfill,回填,回填
2025351,57,2025350,580,452,3*s+2*sum2+2*mnmd+41,,1,hit,backfill,回填,回填
2026001,69,2025351,452,298,3*s+2*sum2+2*mnmd+41,,1,hit,backfill,回填,回填
2026002,35,2026001,298,520,3*s+2*sum2+2*mnmd+41,,1,hit,backfill,回填,回填
2026003,26,2026002,520,601,3*s+2*sum2+2*mnmd+41,,1,hit,backfill,回填,回填
2026004,13,2026003,601,019,3*s+2*sum2+2*mnmd+41,,1,hit,backfill,回填,回填
2026005,04,2026004,019,476,3*s+2*sum2+2*mnmd+41,,1,hit,backfill,回填,回填
2026006,25,2026005,476,244,3*s+2*sum2+2*mnmd+41,,1,hit,backfill,回填,回填
2026007,47,2026006,244,353,3*s+2*sum2+2*mnmd+41,,1,hit,backfill,回填,回填
2026008,67,2026007,353,252,3*s+2*sum2+2*mnmd+41,,1,hit,backfill,回填,回填
2026009,48,2026008,252,265,3*s+2*sum2+2*mnmd+41,,1,hit,backfill,回填,回填
2026010,89,2026009,265,667,3*s+2*sum2+2*mnmd+41,,1,hit,backfill,回填,回填
2026011,28,2026010,667,647,3*s+2*sum2+2*mnmd+41,,1,hit,backfill,回填,回填
2026012,09,2026011,647,241,3*s+2*sum2+2*mnmd+41,,1,hit,backfill,回填,回填
2026013,36,2026012,241,513,3*s+2*sum2+2*mnmd+41,,1,hit,backfill,回填,回填
2026014,25,2026013,513,050,3*s+2*sum2+2*mnmd+41,,1,hit,backfill,回填,回填
2026015,27,2026014,050,532,3*s+2*sum2+2*mnmd+41,,1,hit,backfill,回填,回填
2026016,46,2026015,532,582,3*s+2*sum2+2*mnmd+41,,1,hit,backfill,回填,回填
2026017,68,2026016,582,945,3*s+2*sum2+2*mnmd+41,,1,hit,backfill,回填,回填
2026018,47,2026017,945,494,3*s+2*sum2+2*mnmd+41,,1,hit,backfill,回填,回填
2026019,01,2026018,494,223,3*s+2*sum2+2*mnmd+41,,1,hit,backfill,回填,回填
2026020,24,2026019,223,676,3*s+2*sum2+2*mnmd+41,,1,hit,backfill,回填,回填
2026021,37,2026020,676,559,3*s+2*sum2+2*mnmd+41,,1,hit,backfill,回填,回填
2026022,14,2026021,559,678,3*s+2*sum2+2*mnmd+41,,1,hit,backfill,回填,回填
2026023,39,2026022,678,784,3*s+2*sum2+2*mnmd+41,,1,hit,backfill,回填,回填
2026024,47,2026023,784,911,3*s+2*sum2+2*mnmd+41,,1,hit,backfill,回填,回填
2026025,04,2026024,911,029,3*s+2*sum2+2*mnmd+41,,1,hit,backfill,回填,回填
2026026,13,2026025,029,099,3*s+2*sum2+2*mnmd+41,,1,hit,backfill,回填,回填
2026027,17,2026026,099,126,3*s+2*sum2+2*mnmd+41,,1,hit,backfill,回填,回填
2026028,17,2026027,126,270,3*s+2*sum2+2*mnmd+41,,1,hit,backfill,回填,回填
2026029,67,2026028,270,003,3*s+2*sum2+2*mnmd+41,,1,hit,backfill,回填,回填
2026030,69,2026029,003,134,3*s+2*sum2+2*mnmd+41,,1,hit,backfill,回填,回填
2026031,27,2026030,134,142,3*s+2*sum2+2*mnmd+41,,1,hit,backfill,回填,回填
2026032,34,2026031,142,452,3*s+2*sum2+2*mnmd+41,,1,hit,backfill,回填,回填
2026033,69,2026032,452,119,3*s+2*sum2+2*mnmd+41,,1,hit,backfill,回填,回填
2026034,08,2026033,119,052,3*s+2*sum2+2*mnmd+41,,1,hit,backfill,回填,回填
2026035,35,2026034,052,213,3*s+2*sum2+2*mnmd+41,,1,hit,backfill,回填,回填
2026036,14,2026035,213,762,3*s+2*sum2+2*mnmd+41,,1,hit,backfill,回填,回填
2026037,57,2026036,762,420,3*s+2*sum2+2*mnmd+41,,1,hit,backfill,回填,回填
2026038,24,2026037,420,467,3*s+2*sum2+2*mnmd+41,,1,hit,backfill,回填,回填
2026039,17,2026038,467,450,3*s+2*sum2+2*mnmd+41,,1,hit,backfill,回填,回填
2026040,58,2026039,450,425,3*s+2*sum2+2*mnmd+41,,1,hit,backfill,回填,回填
2026041,36,2026040,425,901,3*s+2*sum2+2*mnmd+41,,1,hit,backfill,回填,回填
2026042,19,2026041,901,854,3*s+2*sum2+2*mnmd+41,,1,hit,backfill,回填,回填
2026043,56,2026042,854,765,3*s+2*sum2+2*mnmd+41,,0,miss,backfill,回填,回填
2026044,28,2026043,765,589,3*s+2*sum2+2*mnmd+41,,1,hit,backfill,回填,回填
2026045,47,2026044,589,181,3*s+2*sum2+2*mnmd+41,,1,hit,backfill,回填,回填
2026046,78,2026045,181,291,3*s+2*sum2+2*mnmd+41,,1,hit,backfill,回填,回填
2026047,46,2026046,291,936,3*s+2*sum2+2*mnmd+41,,1,hit,backfill,回填,回填
2026048,37,2026047,936,612,3*s+2*sum2+2*mnmd+41,,1,hit,backfill,回填,回填
2026049,25,2026048,612,110,3*s+2*sum2+2*mnmd+41,,1,hit,backfill,回填,回填
2026050,06,2026049,110,689,3*s+2*sum2+2*mnmd+41,,1,hit,backfill,回填,回填
2026051,57,2026050,689,302,3*s+2*sum2+2*mnmd+41,,1,hit,backfill,回填,回填
2026052,07,2026051,302,277,3*s+2*sum2+2*mnmd+41,,1,hit,backfill,回填,回填
2026053,09,2026052,277,755,3*s+2*sum2+2*mnmd+41,,1,hit,backfill,回填,回填
2026054,18,2026053,755,217,3*s+2*sum2+2*mnmd+41,,1,hit,backfill,回填,回填
2026055,14,2026054,217,107,3*s+2*sum2+2*mnmd+41,,1,hit,backfill,回填,回填
2026056,01,2026055,107,477,3*s+2*sum2+2*mnmd+41,,1,hit,backfill,回填,回填
2026057,27,2026056,477,264,3*s+2*sum2+2*mnmd+41,,1,hit,backfill,回填,回填
2026058,78,2026057,264,543,3*s+2*sum2+2*mnmd+41,,1,hit,backfill,回填,回填
2026059,68,2026058,543,794,3*s+2*sum2+2*mnmd+41,,1,hit,backfill,回填,回填
2026060,58,2026059,794,943,3*s+2*sum2+2*mnmd+41,,1,hit,backfill,回填,回填
2026061,38,2026060,943,429,3*s+2*sum2+2*mnmd+41,,1,hit,backfill,回填,回填
2026062,36,2026061,429,294,3*s+2*sum2+2*mnmd+41,,1,hit,backfill,回填,回填
2026063,58,2026062,294,517,3*s+2*sum2+2*mnmd+41,,1,hit,backfill,回填,回填
2026064,29,2026063,517,604,3*s+2*sum2+2*mnmd+41,,1,hit,backfill,回填,回填
2026065,19,2026064,604,057,3*s+2*sum2+2*mnmd+41,,1,hit,backfill,回填,回填
2026066,46,2026065,057,934,3*s+2*sum2+2*mnmd+41,,1,hit,backfill,回填,回填
2026067,29,2026066,934,695,3*s+2*sum2+2*mnmd+41,,1,hit,backfill,回填,回填
2026068,56,2026067,695,706,3*s+2*sum2+2*mnmd+41,,1,hit,backfill,回填,回填
2026069,28,2026068,706,908,3*s+2*sum2+2*mnmd+41,,1,hit,backfill,回填,回填
2026070,45,2026069,908,484,3*s+2*sum2+2*mnmd+41,,1,hit,backfill,回填,回填
2026071,68,2026070,484,261,3*s+2*sum2+2*mnmd+41,,1,hit,backfill,回填,回填
2026072,57,2026071,261,245,3*s+2*sum2+2*mnmd+41,,1,hit,backfill,回填,回填
2026073,47,2026072,245,504,3*s+2*sum2+2*mnmd+41,,1,hit,backfill,回填,回填
2026074,17,2026073,504,487,3*s+2*sum2+2*mnmd+41,,1,hit,backfill,回填,回填
2026075,36,2026074,487,816,3*s+2*sum2+2*mnmd+41,,1,hit,backfill,回填,回填
2026076,46,2026075,816,863,3*s+2*sum2+2*mnmd+41,,1,hit,backfill,回填,回填
2026077,68,2026076,863,112,3*s+2*sum2+2*mnmd+41,,1,hit,backfill,回填,回填
2026078,08,2026077,112,049,3*s+2*sum2+2*mnmd+41,,1,hit,backfill,回填,回填
2026079,34,2026078,049,233,3*s+2*sum2+2*mnmd+41,,1,hit,backfill,回填,回填
2026080,35,2026079,233,802,3*s+2*sum2+2*mnmd+41,,1,hit,backfill,回填,回填
2026081,19,2026080,802,827,3*s+2*sum2+2*mnmd+41,,1,hit,backfill,回填,回填
2026082,26,2026081,827,942,3*s+2*sum2+2*mnmd+41,,1,hit,backfill,回填,回填
2026083,36,2026082,942,506,3*s+2*sum2+2*mnmd+41,,1,hit,backfill,回填,回填
2026084,19,2026083,506,456,3*s+2*sum2+2*mnmd+41,,1,hit,backfill,回填,回填
2026085,03,2026084,456,118,3*s+2*sum2+2*mnmd+41,,1,hit,backfill,回填,回填
2026086,08,2026085,118,382,3*s+2*sum2+2*mnmd+41,,1,hit,backfill,回填,回填
2026087,47,2026086,382,911,3*s+2*sum2+2*mnmd+41,,1,hit,backfill,回填,回填
2026088,04,2026087,911,608,3*s+2*sum2+2*mnmd+41,,1,hit,backfill,回填,回填
2026089,26,2026088,608,922,3*s+2*sum2+2*mnmd+41,,1,hit,backfill,回填,回填
2026090,15,2026089,922,816,3*s+2*sum2+2*mnmd+41,,1,hit,backfill,回填,回填
2026091,46,2026090,816,537,3*s+2*sum2+2*mnmd+41,,1,hit,backfill,回填,回填
2026092,58,2026091,537,870,3*s+2*sum2+2*mnmd+41,,1,hit,backfill,回填,回填
2026093,69,2026092,870,518,3*s+2*sum2+2*mnmd+41,,1,hit,backfill,回填,回填
2026094,29,2026093,518,418,3*s+2*sum2+2*mnmd+41,,1,hit,backfill,回填,回填
2026095,25,2026094,418,022,3*s+2*sum2+2*mnmd+41,,1,hit,backfill,回填,回填
2026096,13,2026095,022,689,3*s+2*sum2+2*mnmd+41,,1,hit,backfill,回填,回填
2026097,57,2026096,689,818,3*s+2*sum2+2*mnmd+41,,1,hit,backfill,回填,回填
2026098,56,2026097,818,513,3*s+2*sum2+2*mnmd+41,,1,hit,backfill,回填,回填
2026099,25,2026098,513,877,3*s+2*sum2+2*mnmd+41,,1,hit,backfill,回填,回填
2026100,56,2026099,877,414,3*s+2*sum2+2*mnmd+41,,1,hit,backfill,回填,回填
2026101,25,2026100,414,584,3*s+2*sum2+2*mnmd+41,,1,hit,backfill,回填,回填
2026102,89,2026101,584,420,3*s+2*sum2+2*mnmd+41,,1,hit,backfill,回填,回填
2026103,24,2026102,420,661,3*s+2*sum2+2*mnmd+41,,1,hit,backfill,回填,回填
2026104,47,2026103,661,482,3*s+2*sum2+2*mnmd+41,,1,hit,backfill,回填,回填
2026105,57,2026104,482,631,3*s+2*sum2+2*mnmd+41,,1,hit,backfill,回填,回填
2026106,46,2026105,631,928,3*s+2*sum2+2*mnmd+41,,1,hit,backfill,回填,回填
2026107,05,2026106,928,278,3*s+2*sum2+2*mnmd+41,,1,hit,backfill,回填,回填
2026108,09,2026107,278,671,3*s+2*sum2+2*mnmd+41,,1,hit,backfill,回填,回填
2026109,58,2026108,671,195,3*s+2*sum2+2*mnmd+41,,1,hit,backfill,回填,回填
2026110,56,2026109,195,379,3*s+2*sum2+2*mnmd+41,,1,hit,backfill,回填,回填
2026111,23,2026110,379,863,3*s+2*sum2+2*mnmd+41,,1,hit,backfill,回填,回填
2026112,68,2026111,863,065,3*s+2*sum2+2*mnmd+41,,1,hit,backfill,回填,回填
2026113,57,2026112,065,040,3*s+2*sum2+2*mnmd+41,,1,hit,backfill,回填,回填
2026114,19,2026113,040,864,3*s+2*sum2+2*mnmd+41,,1,hit,backfill,回填,回填
2026115,28,2026114,864,581,3*s+2*sum2+2*mnmd+41,,1,hit,backfill,回填,回填
2026116,59,2026115,581,020,3*s+2*sum2+2*mnmd+41,,1,hit,backfill,回填,回填
2026117,07,2026116,020,411,3*s+2*sum2+2*mnmd+41,,1,hit,backfill,回填,回填
2026118,16,2026117,411,132,3*s+2*sum2+2*mnmd+41,,1,hit,backfill,回填,回填
2026119,25,2026118,132,112,3*s+2*sum2+2*mnmd+41,,1,hit,backfill,回填,回填
2026120,08,2026119,112,734,3*s+2*sum2+2*mnmd+41,,1,hit,backfill,回填,回填
2026121,25,2026120,734,393,3*s+2*sum2+2*mnmd+41,,1,hit,backfill,回填,回填
2026122,67,2026121,393,346,3*s+2*sum2+2*mnmd+41,,1,hit,backfill,回填,回填
2026123,57,2026122,346,200,3*s+2*sum2+2*mnmd+41,,1,hit,backfill,回填,回填
2026124,01,2026123,200,280,3*s+2*sum2+2*mnmd+41,,1,hit,backfill,回填,回填
2026125,34,2026124,280,954,3*s+2*sum2+2*mnmd+41,,1,hit,backfill,回填,回填
2026126,58,2026125,954,846,3*s+2*sum2+2*mnmd+41,,1,hit,backfill,回填,回填
2026127,15,2026126,846,700,3*s+2*sum2+2*mnmd+41,,1,hit,backfill,回填,回填
2026128,13,2026127,700,776,3*s+2*sum2+2*mnmd+41,,1,hit,backfill,回填,回填
2026129,46,2026128,776,023,3*s+2*sum2+2*mnmd+41,,1,hit,backfill,回填,回填
2026130,13,2026129,023,267,3*s+2*sum2+2*mnmd+41,,1,hit,backfill,回填,回填
2026131,02,2026130,267,598,3*s+2*sum2+2*mnmd+41,,1,hit,backfill,回填,回填
2026132,58,2026131,598,756,3*s+2*sum2+2*mnmd+41,,1,hit,backfill,回填,回填
2026133,23,2026132,756,080,3*s+2*sum2+2*mnmd+41,,1,hit,backfill,回填,回填
2026134,57,2026133,080,654,3*s+2*sum2+2*mnmd+41,,1,hit,backfill,回填,回填
2026135,46,2026134,654,487,3*s+2*sum2+2*mnmd+41,,1,hit,backfill,回填,回填
2026136,36,2026135,487,889,3*s+2*sum2+2*mnmd+41,,1,hit,backfill,回填,回填
2026137,89,2026136,889,165,3*s+2*sum2+2*mnmd+41,,1,hit,backfill,回填,回填
2026138,68,2026137,165,790,3*s+2*sum2+2*mnmd+41,,1,hit,backfill,回填,回填
2026139,05,2026138,790,286,3*s+2*sum2+2*mnmd+41,,1,hit,backfill,回填,回填
2026140,57,2026139,286,285,3*s+2*sum2+2*mnmd+41,,1,hit,backfill,回填,回填
2026141,49,2026140,285,397,3*s+2*sum2+2*mnmd+41,,1,hit,backfill,回填,回填
2026142,37,2026141,397,894,3*s+2*sum2+2*mnmd+41,,1,hit,backfill,回填,回填
2026143,69,2026142,894,376,3*s+2*sum2+2*mnmd+41,,1,hit,backfill,回填,回填
2026144,56,2026143,376,726,3*s+2*sum2+2*mnmd+41,,1,hit,backfill,回填,回填
2026145,57,2026144,726,279,3*s+2*sum2+2*mnmd+41,,1,hit,backfill,回填,回填
2026146,09,2026145,279,464,3*s+2*sum2+2*mnmd+41,,1,hit,backfill,回填,回填
2026147,45,2026146,464,712,3*s+2*sum2+2*mnmd+41,,1,hit,backfill,回填,回填
2026148,27,2026147,712,408,3*s+2*sum2+2*mnmd+41,,1,hit,backfill,回填,回填
2026149,15,2026148,408,696,3*s+2*sum2+2*mnmd+41,,1,hit,backfill,回填,回填
2026150,58,2026149,696,720,3*s+2*sum2+2*mnmd+41,,1,hit,backfill,回填,回填
2026151,34,2026150,720,631,3*s+2*sum2+2*mnmd+41,,1,hit,backfill,回填,回填
2026152,46,2026151,631,220,3*s+2*sum2+2*mnmd+41,,1,hit,backfill,回填,回填
2026153,17,2026152,220,887,3*s+2*sum2+2*mnmd+41,,1,hit,backfill,回填,回填
2026154,78,2026153,887,377,3*s+2*sum2+2*mnmd+41,,1,hit,backfill,回填,回填
2026155,23,2026154,377,409,3*s+2*sum2+2*mnmd+41,,1,hit,backfill,回填,回填
2026156,15,2026155,409,162,3*s+2*sum2+2*mnmd+41,,1,hit,backfill,回填,回填
2026157,49,2026156,162,327,3*s+2*sum2+2*mnmd+41,,1,hit,backfill,回填,回填
2026158,28,2026157,327,178,3*s+2*sum2+2*mnmd+41,,1,hit,backfill,回填,回填
2026159,05,2026158,178,995,3*s+2*sum2+2*mnmd+41,,1,hit,backfill,回填,回填
2026160,03,2026159,995,332,3*s+2*sum2+2*mnmd+41,,1,hit,backfill,回填,回填
2026161,37,2026160,332,529,3*s+2*sum2+2*mnmd+41,,1,hit,backfill,回填,回填
2026162,45,2026161,529,585,3*s+2*sum2+2*mnmd+41,,1,hit,backfill,回填,回填
2026163,36,2026162,585,537,3*s+2*sum2+2*mnmd+41,,1,hit,backfill,回填,回填
2026164,58,2026163,537,690,3*s+2*sum2+2*mnmd+41,,1,hit,backfill,回填,回填
2026165,01,2026164,690,424,3*s+2*sum2+2*mnmd+41,,1,hit,backfill,回填,回填
2026166,36,2026165,424,900,3*s+2*sum2+2*mnmd+41,,1,hit,backfill,回填,回填
2026167,17,2026166,900,631,3*s+2*sum2+2*mnmd+41,,1,hit,backfill,回填,回填
2026168,46,2026167,631,130,3*s+2*sum2+2*mnmd+41,,1,hit,backfill,回填,回填
2026169,18,2026168,130,832,3*s+2*sum2+2*mnmd+41,,1,hit,backfill,回填,回填
2026170,23,2026169,832,805,3*s+2*sum2+2*mnmd+41,,1,hit,backfill,回填,回填
2026171,28,2026170,805,134,3*s+2*sum2+2*mnmd+41,,1,hit,backfill,回填,回填
2026172,27,2026171,134,445,3*s+2*sum2+2*mnmd+41,,1,hit,backfill,回填,回填
2026173,68,2026172,445,677,3*s+2*sum2+2*mnmd+41,,1,hit,backfill,回填,回填
2026174,39,2026173,677,618,3*s+2*sum2+2*mnmd+41,,1,hit,backfill,回填,回填
2026175,37,2026174,618,421,3*s+2*sum2+2*mnmd+41,,1,hit,backfill,回填,回填
2026176,26,2026175,421,269,3*s+2*sum2+2*mnmd+41,,0,miss,backfill,回填,回填
2026177,02,2026176,269,808,3*s+2*sum2+2*mnmd+41,,1,hit,backfill,回填,回填
2026178,38,2026177,808,266,3*s+2*sum2+2*mnmd+41,,1,hit,backfill,回填,回填
2026179,02,2026178,266,993,3*s+2*sum2+2*mnmd+41,,1,hit,backfill,回填,回填
2026180,79,2026179,993,520,3*s+2*sum2+2*mnmd+41,,1,hit,backfill,回填,回填
2026181,26,2026180,520,818,3*s+2*sum2+2*mnmd+41,,1,hit,backfill,回填,回填
2026182,56,2026181,818,662,3*s+2*sum2+2*mnmd+41,,1,hit,backfill,回填,回填
2026183,49,2026182,662,923,3*s+2*sum2+2*mnmd+41,,1,hit,backfill,回填,回填
2026184,17,2026183,923,902,3*s+2*sum2+2*mnmd+41,,1,hit,backfill,回填,回填
2026185,24,2026184,902,397,3*s+2*sum2+2*mnmd+41,,1,hit,backfill,回填,回填
2026186,37,2026185,397,045,3*s+2*sum2+2*mnmd+41,,1,hit,backfill,回填,回填
2026187,34,2026186,045,023,3*s+2*sum2+2*mnmd+41,,1,hit,backfill,回填,回填
2026188,13,2026187,023,969,3*s+2*sum2+2*mnmd+41,,1,hit,backfill,回填,回填
2026189,49,2026188,969,558,3*s+2*sum2+2*mnmd+41,,1,hit,backfill,回填,回填
2026190,14,2026189,558,026,3*s+2*sum2+2*mnmd+41,,1,hit,backfill,回填,回填
2026191,13,2026190,026,906,3*s+2*sum2+2*mnmd+41,,1,hit,backfill,回填,回填
2026192,36,2026191,906,425,3*s+2*sum2+2*mnmd+41,,1,hit,backfill,回填,回填
2026193,36,2026192,425,254,3*s+2*sum2+2*mnmd+41,,1,hit,backfill,回填,回填
2026194,58,2026193,254,283,3*s+2*sum2+2*mnmd+41,,1,hit,backfill,回填,回填
2026195,45,2026194,283,275,3*s+2*sum2+2*mnmd+41,,1,hit,backfill,回填,回填
2026196,05,2026195,275,419,3*s+2*sum2+2*mnmd+41,,1,hit,backfill,回填,回填
2026197,25,2026196,419,232,3*s+2*sum2+2*mnmd+41,,1,hit,backfill,回填,回填
2026198,29,2026197,232,685,3*s+2*sum2+2*mnmd+41,,1,hit,backfill,回填,回填
2026199,45,2026198,685,591,3*s+2*sum2+2*mnmd+41,,1,hit,backfill,回填,回填
2026200,79,2026199,591,912,3*s+2*sum2+2*mnmd+41,,1,hit,backfill,回填,回填
2026201,06,2026200,912,321,3*s+2*sum2+2*mnmd+41,,1,hit,backfill,回填,回填
2026202,24,2026201,321,988,3*s+2*sum2+2*mnmd+41,,1,hit,backfill,回填,回填
2026203,02,2026202,988,435,3*s+2*sum2+2*mnmd+41,,1,hit,backfill,回填,回填
2026204,48,2026203,435,978,3*s+2*sum2+2*mnmd+41,,1,hit,backfill,回填,回填
2026205,67,2026204,978,814,3*s+2*sum2+2*mnmd+41,,1,hit,backfill,回填,回填
2026206,37,2026205,814,942,3*s+2*sum2+2*mnmd+41,,1,hit,backfill,回填,回填
2026207,36,2026206,942,415,3*s+2*sum2+2*mnmd+41,,1,hit,backfill,回填,回填
2026208,25,2026207,415,632,3*s+2*sum2+2*mnmd+41,,1,hit,backfill,回填,回填
2026209,48,2026208,632,289,3*s+2*sum2+2*mnmd+41,,1,hit,backfill,回填,回填
2026210,26,2026209,289,755,3*s+2*sum2+2*mnmd+41,,1,hit,backfill,回填,回填
2026211,18,2026210,755,708,3*s+2*sum2+2*mnmd+41,,1,hit,backfill,回填,回填
2026212,34,2026211,708,561,3*s+2*sum2+2*mnmd+41,,1,hit,backfill,回填,回填
2026213,38,2026212,561,872,3*s+2*sum2+2*mnmd+41,,1,hit,backfill,回填,回填
2026214,01,2026213,872,545,3*s+2*sum2+2*mnmd+41,,1,hit,backfill,回填,回填
2026215,89,2026214,545,172,3*s+2*sum2+2*mnmd+41,,1,hit,backfill,回填,回填
2026216,67,2026215,172,935,3*s+2*sum2+2*mnmd+41,,1,hit,backfill,回填,回填
2026217,35,2026216,935,882,3*s+2*sum2+2*mnmd+41,,1,hit,backfill,回填,回填
2026218,47,2026217,882,382,3*s+2*sum2+2*mnmd+41,,1,hit,backfill,回填,回填
2026219,47,2026218,382,225,3*s+2*sum2+2*mnmd+41,,1,hit,backfill,回填,回填
2026220,24,2026219,225,373,3*s+2*sum2+2*mnmd+41,,1,hit,backfill,回填,回填
2026221,39,2026220,373,296,3*s+2*sum2+2*mnmd+41,,1,hit,backfill,回填,回填
2026222,69,2026221,296,380,3*s+2*sum2+2*mnmd+41,,1,hit,backfill,回填,回填
2026223,38,2026222,380,948,3*s+2*sum2+2*mnmd+41,,1,hit,backfill,回填,回填
2026224,24,2026223,948,862,3*s+2*sum2+2*mnmd+41,,1,hit,backfill,回填,回填
2026225,59,2026224,862,555,3*s+2*sum2+2*mnmd+41,,1,hit,backfill,回填,回填
2026226,14,2026225,555,851,3*s+2*sum2+2*mnmd+41,,1,hit,backfill,回填,回填
2026227,39,2026226,851,522,3*s+2*sum2+2*mnmd+41,,1,hit,backfill,回填,回填
2026228,34,2026227,522,399,3*s+2*sum2+2*mnmd+41,,1,hit,backfill,回填,回填
2026229,46,2026228,399,828,3*s+2*sum2+2*mnmd+41,,1,hit,backfill,回填,回填
2026230,03,2026229,828,066,3*s+2*sum2+2*mnmd+41,,1,hit,backfill,回填,回填
2026231,59,2026230,066,733,3*s+2*sum2+2*mnmd+41,,1,hit,backfill,回填,回填
2026232,23,2026231,733,658,3*s+2*sum2+2*mnmd+41,,1,hit,backfill,回填,回填
2026233,18,2026232,658,970,3*s+2*sum2+2*mnmd+41,,1,hit,backfill,回填,回填
2026234,79,2026233,970,695,3*s+2*sum2+2*mnmd+41,,1,hit,backfill,回填,回填
2026235,56,2026234,695,219,3*s+2*sum2+2*mnmd+41,,1,hit,live,2026-09-02 19:02,2026-09-02 22:47
2026236,14,2026235,219,047,3*s+2*sum2+2*mnmd+41,,1,hit,live,2026-09-02 22:47,2026-09-04 01:39
2026237,34,2026236,047,854,3*s+2*sum2+2*mnmd+41,,1,hit,live,2026-09-04 01:39,2026-09-04 21:55
2026238,56,2026237,854,899,3*s+2*sum2+2*mnmd+41,,1,hit,live,2026-09-04 21:55,2026-09-06 00:39
2026239,07,2026238,899,,3*s+2*sum2+2*mnmd+41,,,pending,live,2026-09-06 00:39,
